{"options":{"check_for_updates":true,"comment":null,"compat_foreach":false,"compat_metadata":false,"compat_powerful_this":null,"compat_wrappedjsobject":false,"compatopts_for_requires":true,"noframes":null,"override":{"merge_connects":true,"merge_excludes":true,"merge_includes":true,"merge_matches":true,"orig_connects":[],"orig_excludes":[],"orig_includes":[],"orig_matches":["https://bclub.tk/cvv/?page=*"],"orig_noframes":null,"orig_run_at":"document-idle","orig_run_in":[],"orig_tags":[],"use_blockers":[],"use_connects":[],"use_excludes":[],"use_includes":[],"use_matches":[]},"run_at":null,"run_in":null,"sandbox":null,"tags":[],"unwrap":null,"user_modified":1733419245827},"settings":{"enabled":false,"position":4},"meta":{"name":"Scrape Full Table Data with Position Tracking (Max 30 Pages)","uuid":"5172cb56-0cdb-4926-931d-151aa4a92956","modified":1733419245826}}